{
  "version": 1,
  "author": "Anonymous maker",
  "editor": "wokwi",
  "parts": [
    { "type": "wokwi-esp32-devkit-v1", "id": "esp", "top": 19.98, "left": 22.48, "attrs": {} },
    {
      "type": "wokwi-led",
      "id": "led1",
      "top": 17.07,
      "left": -116.87,
      "attrs": { "color": "red" }
    },
    {
      "type": "wokwi-led",
      "id": "led2",
      "top": 13.28,
      "left": -76.35,
      "attrs": { "color": "red" }
    },
    {
      "type": "wokwi-led",
      "id": "led3",
      "top": 17.1,
      "left": -163.59,
      "attrs": { "color": "red" }
    },
    {
      "type": "wokwi-led",
      "id": "led4",
      "top": 12.01,
      "left": -210.46,
      "attrs": { "color": "red" }
    }
  ],
  "connections": [
    [ "esp:TX0", "$serialMonitor:RX", "", [] ],
    [ "esp:RX0", "$serialMonitor:TX", "", [] ],
    [ "led1:A", "esp:D25", "green", [ "v0" ] ],
    [ "esp:GND.2", "led1:C", "black", [ "h0" ] ],
    [ "led2:A", "esp:D33", "green", [ "v0" ] ],
    [ "esp:GND.2", "led2:C", "black", [ "h0" ] ],
    [ "led3:A", "esp:D32", "green", [ "v0" ] ],
    [ "esp:GND.2", "led3:C", "black", [ "h0" ] ],
    [ "led4:A", "esp:D35", "green", [ "v0" ] ],
    [ "esp:GND.2", "led4:C", "black", [ "h0" ] ]
  ],
  "dependencies": {}
}